1,Bulbasaur,Grass,Poison,45,49,49,65,65,45,318,53
2,Ivysaur,Grass,Poison,60,62,63,80,80,60,405,67.5
3,Venusaur,Grass,Poison,80,82,83,100,100,80,525,87.5
003M,Venusaur(MegaVenusaur),Grass,Poison,80,100,123,122,120,80,625,104.17
4,Charmander,Fire,,39,52,43,60,50,65,309,51.5
5,Charmeleon,Fire,,58,64,58,80,65,80,405,67.5
6,Charizard,Fire,Flying,78,84,78,109,85,100,534,89
006MX,Charizard(MegaCharizardX),Fire,Dragon,78,130,111,130,85,100,634,105.67
006MY,Charizard(MegaCharizardY),Fire,Flying,78,104,78,159,115,100,634,105.67
7,Squirtle,Water,,44,48,65,50,64,43,314,52.33
8,Wartortle,Water,,59,63,80,65,80,58,405,67.5
9,Blastoise,Water,,79,83,100,85,105,78,530,88.33
009M,Blastoise(MegaBlastoise),Water,,79,103,120,135,115,78,630,105
10,Caterpie,Bug,,45,30,35,20,20,45,195,32.5
11,Metapod,Bug,,50,20,55,25,25,30,205,34.17
12,Butterfree,Bug,Flying,60,45,50,90,80,70,395,65.83
13,Weedle,Bug,Poison,40,35,30,20,20,50,195,32.5
14,Kakuna,Bug,Poison,45,25,50,25,25,35,205,34.17
15,Beedrill,Bug,Poison,65,90,40,45,80,75,395,65.83
015M,Beedrill(MegaBeedrill),Bug,Poison,65,150,40,15,80,145,495,82.5
16,Pidgey,Normal,Flying,40,45,40,35,35,56,251,41.83
17,Pidgeotto,Normal,Flying,63,60,55,50,50,71,349,58.17
18,Pidgeot,Normal,Flying,83,80,75,70,70,101,479,79.83
018M,Pidgeot(MegaPidgeot),Normal,Flying,83,80,80,135,80,121,579,96.5
19,Rattata,Normal,,30,56,35,25,35,72,253,42.17
019A,Rattata(AlolanRattata),Dark,Normal,30,56,35,25,35,72,253,42.17
20,Raticate,Normal,,55,81,60,50,70,97,413,68.83
020A,Raticate(AlolanRaticate),Dark,Normal,75,71,70,40,80,77,413,68.83
21,Spearow,Normal,Flying,40,60,30,31,31,70,262,43.67
22,Fearow,Normal,Flying,65,90,65,61,61,100,442,73.67
23,Ekans,Poison,,35,60,44,40,54,55,288,48
24,Arbok,Poison,,60,95,69,65,79,80,448,74.67
25,Pikachu,Electric,,35,55,40,50,50,90,320,53.33
26,Raichu,Electric,,60,90,55,90,80,110,485,80.83
026A,Raichu(AlolanRaichu),Electric,Psychic,60,85,50,95,85,110,485,80.83
27,Sandshrew,Ground,,50,75,85,20,30,40,300,50
027A,Sandshrew(AlolanSandshrew),Ice,Steel,50,75,90,10,35,40,300,50
28,Sandslash,Ground,,75,100,110,45,55,65,450,75
028A,Sandslash(AlolanSandslash),Ice,Steel,75,100,120,25,65,65,450,75
29,NidoranF,Poison,,55,47,52,40,40,41,275,45.83
30,Nidorina,Poison,,70,62,67,55,55,56,365,60.83
31,Nidoqueen,Poison,Ground,90,92,87,75,85,76,505,84.17
32,NidoranM,Poison,,46,57,40,40,40,50,273,45.5
33,Nidorino,Poison,,61,72,57,55,55,65,365,60.83
34,Nidoking,Poison,Ground,81,102,77,85,75,85,505,84.17
35,Clefairy,Fairy,,70,45,48,60,65,35,323,53.83
36,Clefable,Fairy,,95,70,73,95,90,60,483,80.5
37,Vulpix,Fire,,38,41,40,50,65,65,299,49.83
037A,Vulpix(AlolanVulpix),Ice,,38,41,40,50,65,65,299,49.83
38,Ninetales,Fire,,73,76,75,81,100,100,505,84.17
038A,Ninetales(AlolanNinetales),Ice,Fairy,73,67,75,81,100,109,505,84.17
39,Jigglypuff,Normal,Fairy,115,45,20,45,25,20,270,45
40,Wigglytuff,Normal,Fairy,140,70,45,85,50,45,435,72.5
41,Zubat,Poison,Flying,40,45,35,30,40,55,245,40.83
42,Golbat,Poison,Flying,75,80,70,65,75,90,455,75.83
43,Oddish,Grass,Poison,45,50,55,75,65,30,320,53.33
44,Gloom,Grass,Poison,60,65,70,85,75,40,395,65.83
45,Vileplume,Grass,Poison,75,80,85,110,90,50,490,81.67
46,Paras,Bug,Grass,35,70,55,45,55,25,285,47.5
47,Parasect,Bug,Grass,60,95,80,60,80,30,405,67.5
48,Venonat,Bug,Poison,60,55,50,40,55,45,305,50.83
49,Venomoth,Bug,Poison,70,65,60,90,75,90,450,75
50,Diglett,Ground,,10,55,25,35,45,95,265,44.17
050A,Diglett(AlolanDiglett),Ground,Steel,10,55,30,35,45,90,265,44.17
51,Dugtrio,Ground,,35,100,50,50,70,120,425,70.83
051A,Dugtrio(AlolanDugtrio),Ground,Steel,35,100,60,50,70,110,425,70.83
52,Meowth,Normal,,40,45,35,40,40,90,290,48.33
052A,Meowth(AlolanMeowth),Dark,,40,35,35,50,40,90,290,48.33
53,Persian,Normal,,65,70,60,65,65,115,440,73.33
053A,Persian(AlolanPersian),Dark,,65,60,60,75,65,115,440,73.33
54,Psyduck,Water,,50,52,48,65,50,55,320,53.33
55,Golduck,Water,,80,82,78,95,80,85,500,83.33
56,Mankey,Fighting,,40,80,35,35,45,70,305,50.83
57,Primeape,Fighting,,65,105,60,60,70,95,455,75.83
58,Growlithe,Fire,,55,70,45,70,50,60,350,58.33
59,Arcanine,Fire,,90,110,80,100,80,95,555,92.5
60,Poliwag,Water,,40,50,40,40,40,90,300,50
61,Poliwhirl,Water,,65,65,65,50,50,90,385,64.17
62,Poliwrath,Water,Fighting,90,95,95,70,90,70,510,85
63,Abra,Psychic,,25,20,15,105,55,90,310,51.67
64,Kadabra,Psychic,,40,35,30,120,70,105,400,66.67
65,Alakazam,Psychic,,55,50,45,135,95,120,500,83.33
065M,Alakazam(MegaAlakazam),Psychic,,55,50,65,175,105,150,600,100
66,Machop,Fighting,,70,80,50,35,35,35,305,50.83
67,Machoke,Fighting,,80,100,70,50,60,45,405,67.5
68,Machamp,Fighting,,90,130,80,65,85,55,505,84.17
69,Bellsprout,Grass,Poison,50,75,35,70,30,40,300,50
70,Weepinbell,Grass,Poison,65,90,50,85,45,55,390,65
71,Victreebel,Grass,Poison,80,105,65,100,70,70,490,81.67
72,Tentacool,Water,Poison,40,40,35,50,100,70,335,55.83
73,Tentacruel,Water,Poison,80,70,65,80,120,100,515,85.83
74,Geodude,Rock,Ground,40,80,100,30,30,20,300,50
074A,Geodude(AlolanGeodude),Rock,Electric,40,80,100,30,30,20,300,50
75,Graveler,Rock,Ground,55,95,115,45,45,35,390,65
075A,Graveler(AlolanGraveler),Rock,Electric,55,95,115,45,45,35,390,65
76,Golem,Rock,Ground,80,120,130,55,65,45,495,82.5
076A,Golem(AlolanGolem),Rock,Electric,80,120,130,55,65,45,495,82.5
77,Ponyta,Fire,,50,85,55,65,65,90,410,68.33
78,Rapidash,Fire,,65,100,70,80,80,105,500,83.33
79,Slowpoke,Water,Psychic,90,65,65,40,40,15,315,52.5
80,Slowbro,Water,Psychic,95,75,110,100,80,30,490,81.67
080M,Slowbro(MegaSlowbro),Water,Psychic,95,75,180,130,80,30,590,98.33
81,Magnemite,Electric,Steel,25,35,70,95,55,45,325,54.17
82,Magneton,Electric,Steel,50,60,95,120,70,70,465,77.5
83,Farfetch'd,Normal,Flying,52,90,55,58,62,60,377,62.83
84,Doduo,Normal,Flying,35,85,45,35,35,75,310,51.67
85,Dodrio,Normal,Flying,60,110,70,60,60,110,470,78.33
86,Seel,Water,,65,45,55,45,70,45,325,54.17
87,Dewgong,Water,Ice,90,70,80,70,95,70,475,79.17
88,Grimer,Poison,,80,80,50,40,50,25,325,54.17
088A,Grimer(AlolanGrimer),Poison,Dark,80,80,50,40,50,25,325,54.17
89,Muk,Poison,,105,105,75,65,100,50,500,83.33
089A,Muk(AlolanMuk),Poison,Dark,105,105,75,65,100,50,500,83.33
90,Shellder,Water,,30,65,100,45,25,40,305,50.83
91,Cloyster,Water,Ice,50,95,180,85,45,70,525,87.5
92,Gastly,Ghost,Poison,30,35,30,100,35,80,310,51.67
93,Haunter,Ghost,Poison,45,50,45,115,55,95,405,67.5
94,Gengar,Ghost,Poison,60,65,60,130,75,110,500,83.33
094M,Gengar(MegaGengar),Ghost,Poison,60,65,80,170,95,130,600,100
95,Onix,Rock,Ground,35,45,160,30,45,70,385,64.17
96,Drowzee,Psychic,,60,48,45,43,90,42,328,54.67
97,Hypno,Psychic,,85,73,70,73,115,67,483,80.5
98,Krabby,Water,,30,105,90,25,25,50,325,54.17
99,Kingler,Water,,55,130,115,50,50,75,475,79.17
100,Voltorb,Electric,,40,30,50,55,55,100,330,55
101,Electrode,Electric,,60,50,70,80,80,150,490,81.67
102,Exeggcute,Grass,Psychic,60,40,80,60,45,40,325,54.17
103,Exeggutor,Grass,Psychic,95,95,85,125,75,55,530,88.33
103A,Exeggutor(AlolanExeggutor),Grass,Dragon,95,105,85,125,75,45,530,88.33
104,Cubone,Ground,,50,50,95,40,50,35,320,53.33
105,Marowak,Ground,,60,80,110,50,80,45,425,70.83
105A,Marowak(AlolanMarowak),Fire,Ghost,60,80,110,50,80,45,425,70.83
106,Hitmonlee,Fighting,,50,120,53,35,110,87,455,75.83
107,Hitmonchan,Fighting,,50,105,79,35,110,76,455,75.83
108,Lickitung,Normal,,90,55,75,60,75,30,385,64.17
109,Koffing,Poison,,40,65,95,60,45,35,340,56.67
110,Weezing,Poison,,65,90,120,85,70,60,490,81.67
111,Rhyhorn,Ground,Rock,80,85,95,30,30,25,345,57.5
112,Rhydon,Ground,Rock,105,130,120,45,45,40,485,80.83
113,Chansey,Normal,,250,5,5,35,105,50,450,75
114,Tangela,Grass,,65,55,115,100,40,60,435,72.5
115,Kangaskhan,Normal,,105,95,80,40,80,90,490,81.67
115M,Kangaskhan(MegaKangaskhan),Normal,,105,125,100,60,100,100,590,98.33
116,Horsea,Water,,30,40,70,70,25,60,295,49.17
117,Seadra,Water,,55,65,95,95,45,85,440,73.33
118,Goldeen,Water,,45,67,60,35,50,63,320,53.33
119,Seaking,Water,,80,92,65,65,80,68,450,75
120,Staryu,Water,,30,45,55,70,55,85,340,56.67
121,Starmie,Water,Psychic,60,75,85,100,85,115,520,86.67
122,Mr.Mime,Psychic,Fairy,40,45,65,100,120,90,460,76.67
123,Scyther,Bug,Flying,70,110,80,55,80,105,500,83.33
124,Jynx,Ice,Psychic,65,50,35,115,95,95,455,75.83
125,Electabuzz,Electric,,65,83,57,95,85,105,490,81.67
126,Magmar,Fire,,65,95,57,100,85,93,495,82.5
127,Pinsir,Bug,,65,125,100,55,70,85,500,83.33
127M,Pinsir(MegaPinsir),Bug,Flying,65,155,120,65,90,105,600,100
128,Tauros,Normal,,75,100,95,40,70,110,490,81.67
129,Magikarp,Water,,20,10,55,15,20,80,200,33.33
130,Gyarados,Water,Flying,95,125,79,60,100,81,540,90
130M,Gyarados(MegaGyarados),Water,Dark,95,155,109,70,130,81,640,106.67
131,Lapras,Water,Ice,130,85,80,85,95,60,535,89.17
132,Ditto,Normal,,48,48,48,48,48,48,288,48
133,Eevee,Normal,,55,55,50,45,65,55,325,54.17
134,Vaporeon,Water,,130,65,60,110,95,65,525,87.5
135,Jolteon,Electric,,65,65,60,110,95,130,525,87.5
136,Flareon,Fire,,65,130,60,95,110,65,525,87.5
137,Porygon,Normal,,65,60,70,85,75,40,395,65.83
138,Omanyte,Rock,Water,35,40,100,90,55,35,355,59.17
139,Omastar,Rock,Water,70,60,125,115,70,55,495,82.5
140,Kabuto,Rock,Water,30,80,90,55,45,55,355,59.17
141,Kabutops,Rock,Water,60,115,105,65,70,80,495,82.5
142,Aerodactyl,Rock,Flying,80,105,65,60,75,130,515,85.83
142M,Aerodactyl(MegaAerodactyl),Rock,Flying,80,135,85,70,95,150,615,102.5
143,Snorlax,Normal,,160,110,65,65,110,30,540,90
144,Articuno,Ice,Flying,90,85,100,95,125,85,580,96.67
145,Zapdos,Electric,Flying,90,90,85,125,90,100,580,96.67
146,Moltres,Fire,Flying,90,100,90,125,85,90,580,96.67
147,Dratini,Dragon,,41,64,45,50,50,50,300,50
148,Dragonair,Dragon,,61,84,65,70,70,70,420,70
149,Dragonite,Dragon,Flying,91,134,95,100,100,80,600,100
150,Mewtwo,Psychic,,106,110,90,154,90,130,680,113.33
150MX,Mewtwo(MegaMewtwoX),Psychic,Fighting,106,190,100,154,100,130,780,130
150MY,Mewtwo(MegaMewtwoY),Psychic,,106,150,70,194,120,140,780,130
151,Mew,Psychic,,100,100,100,100,100,100,600,100
152,Chikorita,Grass,,45,49,65,49,65,45,318,53
153,Bayleef,Grass,,60,62,80,63,80,60,405,67.5
154,Meganium,Grass,,80,82,100,83,100,80,525,87.5
155,Cyndaquil,Fire,,39,52,43,60,50,65,309,51.5
156,Quilava,Fire,,58,64,58,80,65,80,405,67.5
157,Typhlosion,Fire,,78,84,78,109,85,100,534,89
158,Totodile,Water,,50,65,64,44,48,43,314,52.33
159,Croconaw,Water,,65,80,80,59,63,58,405,67.5
160,Feraligatr,Water,,85,105,100,79,83,78,530,88.33
161,Sentret,Normal,,35,46,34,35,45,20,215,35.83
162,Furret,Normal,,85,76,64,45,55,90,415,69.17
163,Hoothoot,Normal,Flying,60,30,30,36,56,50,262,43.67
164,Noctowl,Normal,Flying,100,50,50,86,96,70,452,75.33
165,Ledyba,Bug,Flying,40,20,30,40,80,55,265,44.17
166,Ledian,Bug,Flying,55,35,50,55,110,85,390,65
167,Spinarak,Bug,Poison,40,60,40,40,40,30,250,41.67
168,Ariados,Bug,Poison,70,90,70,60,70,40,400,66.67
169,Crobat,Poison,Flying,85,90,80,70,80,130,535,89.17
170,Chinchou,Water,Electric,75,38,38,56,56,67,330,55
171,Lanturn,Water,Electric,125,58,58,76,76,67,460,76.67
172,Pichu,Electric,,20,40,15,35,35,60,205,34.17
173,Cleffa,Fairy,,50,25,28,45,55,15,218,36.33
174,Igglybuff,Normal,Fairy,90,30,15,40,20,15,210,35
175,Togepi,Fairy,,35,20,65,40,65,20,245,40.83
176,Togetic,Fairy,Flying,55,40,85,80,105,40,405,67.5
177,Natu,Psychic,Flying,40,50,45,70,45,70,320,53.33
178,Xatu,Psychic,Flying,65,75,70,95,70,95,470,78.33
179,Mareep,Electric,,55,40,40,65,45,35,280,46.67
180,Flaaffy,Electric,,70,55,55,80,60,45,365,60.83
181,Ampharos,Electric,,90,75,85,115,90,55,510,85
181M,Ampharos(MegaAmpharos),Electric,Dragon,90,95,105,165,110,45,610,101.67
182,Bellossom,Grass,,75,80,95,90,100,50,490,81.67
183,Marill,Water,Fairy,70,20,50,20,50,40,250,41.67
184,Azumarill,Water,Fairy,100,50,80,60,80,50,420,70
185,Sudowoodo,Rock,,70,100,115,30,65,30,410,68.33
186,Politoed,Water,,90,75,75,90,100,70,500,83.33
187,Hoppip,Grass,Flying,35,35,40,35,55,50,250,41.67
188,Skiploom,Grass,Flying,55,45,50,45,65,80,340,56.67
189,Jumpluff,Grass,Flying,75,55,70,55,95,110,460,76.67
190,Aipom,Normal,,55,70,55,40,55,85,360,60
191,Sunkern,Grass,,30,30,30,30,30,30,180,30
192,Sunflora,Grass,,75,75,55,105,85,30,425,70.83
193,Yanma,Bug,Flying,65,65,45,75,45,95,390,65
194,Wooper,Water,Ground,55,45,45,25,25,15,210,35
195,Quagsire,Water,Ground,95,85,85,65,65,35,430,71.67
196,Espeon,Psychic,,65,65,60,130,95,110,525,87.5
197,Umbreon,Dark,,95,65,110,60,130,65,525,87.5
198,Murkrow,Dark,Flying,60,85,42,85,42,91,405,67.5
199,Slowking,Water,Psychic,95,75,80,100,110,30,490,81.67
200,Misdreavus,Ghost,,60,60,60,85,85,85,435,72.5
201,Unown,Psychic,,48,72,48,72,48,48,336,56
202,Wobbuffet,Psychic,,190,33,58,33,58,33,405,67.5
203,Girafarig,Normal,Psychic,70,80,65,90,65,85,455,75.83
204,Pineco,Bug,,50,65,90,35,35,15,290,48.33
205,Forretress,Bug,Steel,75,90,140,60,60,40,465,77.5
206,Dunsparce,Normal,,100,70,70,65,65,45,415,69.17
207,Gligar,Ground,Flying,65,75,105,35,65,85,430,71.67
208,Steelix,Steel,Ground,75,85,200,55,65,30,510,85
208M,Steelix(MegaSteelix),Steel,Ground,75,125,230,55,95,30,610,101.67
209,Snubbull,Fairy,,60,80,50,40,40,30,300,50
210,Granbull,Fairy,,90,120,75,60,60,45,450,75
211,Qwilfish,Water,Poison,65,95,85,55,55,85,440,73.33
212,Scizor,Bug,Steel,70,130,100,55,80,65,500,83.33
212M,Scizor(MegaScizor),Bug,Steel,70,150,140,65,100,75,600,100
213,Shuckle,Bug,Rock,20,10,230,10,230,5,505,84.17
214,Heracross,Bug,Fighting,80,125,75,40,95,85,500,83.33
214M,Heracross(MegaHeracross),Bug,Fighting,80,185,115,40,105,75,600,100
215,Sneasel,Dark,Ice,55,95,55,35,75,115,430,71.67
216,Teddiursa,Normal,,60,80,50,50,50,40,330,55
217,Ursaring,Normal,,90,130,75,75,75,55,500,83.33
218,Slugma,Fire,,40,40,40,70,40,20,250,41.67
219,Magcargo,Fire,Rock,60,50,120,90,80,30,430,71.67
220,Swinub,Ice,Ground,50,50,40,30,30,50,250,41.67
221,Piloswine,Ice,Ground,100,100,80,60,60,50,450,75
222,Corsola,Water,Rock,65,55,95,65,95,35,410,68.33
223,Remoraid,Water,,35,65,35,65,35,65,300,50
224,Octillery,Water,,75,105,75,105,75,45,480,80
225,Delibird,Ice,Flying,45,55,45,65,45,75,330,55
226,Mantine,Water,Flying,85,40,70,80,140,70,485,80.83
227,Skarmory,Steel,Flying,65,80,140,40,70,70,465,77.5
228,Houndour,Dark,Fire,45,60,30,80,50,65,330,55
229,Houndoom,Dark,Fire,75,90,50,110,80,95,500,83.33
229M,Houndoom(MegaHoundoom),Dark,Fire,75,90,90,140,90,115,600,100
230,Kingdra,Water,Dragon,75,95,95,95,95,85,540,90
231,Phanpy,Ground,,90,60,60,40,40,40,330,55
232,Donphan,Ground,,90,120,120,60,60,50,500,83.33
233,Porygon2,Normal,,85,80,90,105,95,60,515,85.83
234,Stantler,Normal,,73,95,62,85,65,85,465,77.5
235,Smeargle,Normal,,55,20,35,20,45,75,250,41.67
236,Tyrogue,Fighting,,35,35,35,35,35,35,210,35
237,Hitmontop,Fighting,,50,95,95,35,110,70,455,75.83
238,Smoochum,Ice,Psychic,45,30,15,85,65,65,305,50.83
239,Elekid,Electric,,45,63,37,65,55,95,360,60
240,Magby,Fire,,45,75,37,70,55,83,365,60.83
241,Miltank,Normal,,95,80,105,40,70,100,490,81.67
242,Blissey,Normal,,255,10,10,75,135,55,540,90
243,Raikou,Electric,,90,85,75,115,100,115,580,96.67
244,Entei,Fire,,115,115,85,90,75,100,580,96.67
245,Suicune,Water,,100,75,115,90,115,85,580,96.67
246,Larvitar,Rock,Ground,50,64,50,45,50,41,300,50
247,Pupitar,Rock,Ground,70,84,70,65,70,51,410,68.33
248,Tyranitar,Rock,Dark,100,134,110,95,100,61,600,100
248M,Tyranitar(MegaTyranitar),Rock,Dark,100,164,150,95,120,71,700,116.67
249,Lugia,Psychic,Flying,106,90,130,90,154,110,680,113.33
250,Ho-Oh,Fire,Flying,106,130,90,110,154,90,680,113.33
251,Celebi,Psychic,Grass,100,100,100,100,100,100,600,100
252,Treecko,Grass,,40,45,35,65,55,70,310,51.67
253,Grovyle,Grass,,50,65,45,85,65,95,405,67.5
254,Sceptile,Grass,,70,85,65,105,85,120,530,88.33
254M,Sceptile(MegaSceptile),Grass,Dragon,70,110,75,145,85,145,630,105
255,Torchic,Fire,,45,60,40,70,50,45,310,51.67
256,Combusken,Fire,Fighting,60,85,60,85,60,55,405,67.5
257,Blaziken,Fire,Fighting,80,120,70,110,70,80,530,88.33
257M,Blaziken(MegaBlaziken),Fire,Fighting,80,160,80,130,80,100,630,105
258,Mudkip,Water,,50,70,50,50,50,40,310,51.67
259,Marshtomp,Water,Ground,70,85,70,60,70,50,405,67.5
260,Swampert,Water,Ground,100,110,90,85,90,60,535,89.17
260M,Swampert(MegaSwampert),Water,Ground,100,150,110,95,110,70,635,105.83
261,Poochyena,Dark,,35,55,35,30,30,35,220,36.67
262,Mightyena,Dark,,70,90,70,60,60,70,420,70
263,Zigzagoon,Normal,,38,30,41,30,41,60,240,40
264,Linoone,Normal,,78,70,61,50,61,100,420,70
265,Wurmple,Bug,,45,45,35,20,30,20,195,32.5
266,Silcoon,Bug,,50,35,55,25,25,15,205,34.17
267,Beautifly,Bug,Flying,60,70,50,100,50,65,395,65.83
268,Cascoon,Bug,,50,35,55,25,25,15,205,34.17
269,Dustox,Bug,Poison,60,50,70,50,90,65,385,64.17
270,Lotad,Water,Grass,40,30,30,40,50,30,220,36.67
271,Lombre,Water,Grass,60,50,50,60,70,50,340,56.67
272,Ludicolo,Water,Grass,80,70,70,90,100,70,480,80
273,Seedot,Grass,,40,40,50,30,30,30,220,36.67
274,Nuzleaf,Grass,Dark,70,70,40,60,40,60,340,56.67
275,Shiftry,Grass,Dark,90,100,60,90,60,80,480,80
276,Taillow,Normal,Flying,40,55,30,30,30,85,270,45
277,Swellow,Normal,Flying,60,85,60,75,50,125,455,75.83
278,Wingull,Water,Flying,40,30,30,55,30,85,270,45
279,Pelipper,Water,Flying,60,50,100,95,70,65,440,73.33
280,Ralts,Psychic,Fairy,28,25,25,45,35,40,198,33
281,Kirlia,Psychic,Fairy,38,35,35,65,55,50,278,46.33
282,Gardevoir,Psychic,Fairy,68,65,65,125,115,80,518,86.33
282M,Gardevoir(MegaGardevoir),Psychic,Fairy,68,85,65,165,135,100,618,103
283,Surskit,Bug,Water,40,30,32,50,52,65,269,44.83
284,Masquerain,Bug,Flying,70,60,62,100,82,80,454,75.67
285,Shroomish,Grass,,60,40,60,40,60,35,295,49.17
286,Breloom,Grass,Fighting,60,130,80,60,60,70,460,76.67
287,Slakoth,Normal,,60,60,60,35,35,30,280,46.67
288,Vigoroth,Normal,,80,80,80,55,55,90,440,73.33
289,Slaking,Normal,,150,160,100,95,65,100,670,111.67
290,Nincada,Bug,Ground,31,45,90,30,30,40,266,44.33
291,Ninjask,Bug,Flying,61,90,45,50,50,160,456,76
292,Shedinja,Bug,Ghost,1,90,45,30,30,40,236,39.33
293,Whismur,Normal,,64,51,23,51,23,28,240,40
294,Loudred,Normal,,84,71,43,71,43,48,360,60
295,Exploud,Normal,,104,91,63,91,73,68,490,81.67
296,Makuhita,Fighting,,72,60,30,20,30,25,237,39.5
297,Hariyama,Fighting,,144,120,60,40,60,50,474,79
298,Azurill,Normal,Fairy,50,20,40,20,40,20,190,31.67
299,Nosepass,Rock,,30,45,135,45,90,30,375,62.5
300,Skitty,Normal,,50,45,45,35,35,50,260,43.33
301,Delcatty,Normal,,70,65,65,55,55,90,400,66.67
302,Sableye,Dark,Ghost,50,75,75,65,65,50,380,63.33
302M,Sableye(MegaSableye),Dark,Ghost,50,85,125,85,115,20,480,80
303,Mawile,Steel,Fairy,50,85,85,55,55,50,380,63.33
303M,Mawile(MegaMawile),Steel,Fairy,50,105,125,55,95,50,480,80
304,Aron,Steel,Rock,50,70,100,40,40,30,330,55
305,Lairon,Steel,Rock,60,90,140,50,50,40,430,71.67
306,Aggron,Steel,Rock,70,110,180,60,60,50,530,88.33
306M,Aggron(MegaAggron),Steel,,70,140,230,60,80,50,630,105
307,Meditite,Fighting,Psychic,30,40,55,40,55,60,280,46.67
308,Medicham,Fighting,Psychic,60,60,75,60,75,80,410,68.33
308M,Medicham(MegaMedicham),Fighting,Psychic,60,100,85,80,85,100,510,85
309,Electrike,Electric,,40,45,40,65,40,65,295,49.17
310,Manectric,Electric,,70,75,60,105,60,105,475,79.17
310M,Manectric(MegaManectric),Electric,,70,75,80,135,80,135,575,95.83
311,Plusle,Electric,,60,50,40,85,75,95,405,67.5
312,Minun,Electric,,60,40,50,75,85,95,405,67.5
313,Volbeat,Bug,,65,73,75,47,85,85,430,71.67
314,Illumise,Bug,,65,47,75,73,85,85,430,71.67
315,Roselia,Grass,Poison,50,60,45,100,80,65,400,66.67
316,Gulpin,Poison,,70,43,53,43,53,40,302,50.33
317,Swalot,Poison,,100,73,83,73,83,55,467,77.83
318,Carvanha,Water,Dark,45,90,20,65,20,65,305,50.83
319,Sharpedo,Water,Dark,70,120,40,95,40,95,460,76.67
319M,Sharpedo(MegaSharpedo),Water,Dark,70,140,70,110,65,105,560,93.33
320,Wailmer,Water,,130,70,35,70,35,60,400,66.67
321,Wailord,Water,,170,90,45,90,45,60,500,83.33
322,Numel,Fire,Ground,60,60,40,65,45,35,305,50.83
323,Camerupt,Fire,Ground,70,100,70,105,75,40,460,76.67
323M,Camerupt(MegaCamerupt),Fire,Ground,70,120,100,145,105,20,560,93.33
324,Torkoal,Fire,,70,85,140,85,70,20,470,78.33
325,Spoink,Psychic,,60,25,35,70,80,60,330,55
326,Grumpig,Psychic,,80,45,65,90,110,80,470,78.33
327,Spinda,Normal,,60,60,60,60,60,60,360,60
328,Trapinch,Ground,,45,100,45,45,45,10,290,48.33
329,Vibrava,Ground,Dragon,50,70,50,50,50,70,340,56.67
330,Flygon,Ground,Dragon,80,100,80,80,80,100,520,86.67
331,Cacnea,Grass,,50,85,40,85,40,35,335,55.83
332,Cacturne,Grass,Dark,70,115,60,115,60,55,475,79.17
333,Swablu,Normal,Flying,45,40,60,40,75,50,310,51.67
334,Altaria,Dragon,Flying,75,70,90,70,105,80,490,81.67
334M,Altaria(MegaAltaria),Dragon,Fairy,75,110,110,110,105,80,590,98.33
335,Zangoose,Normal,,73,115,60,60,60,90,458,76.33
336,Seviper,Poison,,73,100,60,100,60,65,458,76.33
337,Lunatone,Rock,Psychic,90,55,65,95,85,70,460,76.67
338,Solrock,Rock,Psychic,90,95,85,55,65,70,460,76.67
339,Barboach,Water,Ground,50,48,43,46,41,60,288,48
340,Whiscash,Water,Ground,110,78,73,76,71,60,468,78
341,Corphish,Water,,43,80,65,50,35,35,308,51.33
342,Crawdaunt,Water,Dark,63,120,85,90,55,55,468,78
343,Baltoy,Ground,Psychic,40,40,55,40,70,55,300,50
344,Claydol,Ground,Psychic,60,70,105,70,120,75,500,83.33
345,Lileep,Rock,Grass,66,41,77,61,87,23,355,59.17
346,Cradily,Rock,Grass,86,81,97,81,107,43,495,82.5
347,Anorith,Rock,Bug,45,95,50,40,50,75,355,59.17
348,Armaldo,Rock,Bug,75,125,100,70,80,45,495,82.5
349,Feebas,Water,,20,15,20,10,55,80,200,33.33
350,Milotic,Water,,95,60,79,100,125,81,540,90
351,Castform,Normal,,70,70,70,70,70,70,420,70
352,Kecleon,Normal,,60,90,70,60,120,40,440,73.33
353,Shuppet,Ghost,,44,75,35,63,33,45,295,49.17
354,Banette,Ghost,,64,115,65,83,63,65,455,75.83
354M,Banette(MegaBanette),Ghost,,64,165,75,93,83,75,555,92.5
355,Duskull,Ghost,,20,40,90,30,90,25,295,49.17
356,Dusclops,Ghost,,40,70,130,60,130,25,455,75.83
357,Tropius,Grass,Flying,99,68,83,72,87,51,460,76.67
358,Chimecho,Psychic,,75,50,80,95,90,65,455,75.83
359,Absol,Dark,,65,130,60,75,60,75,465,77.5
359M,Absol(MegaAbsol),Dark,,65,150,60,115,60,115,565,94.17
360,Wynaut,Psychic,,95,23,48,23,48,23,260,43.33
361,Snorunt,Ice,,50,50,50,50,50,50,300,50
362,Glalie,Ice,,80,80,80,80,80,80,480,80
362M,Glalie(MegaGlalie),Ice,,80,120,80,120,80,100,580,96.67
363,Spheal,Ice,Water,70,40,50,55,50,25,290,48.33
364,Sealeo,Ice,Water,90,60,70,75,70,45,410,68.33
365,Walrein,Ice,Water,110,80,90,95,90,65,530,88.33
366,Clamperl,Water,,35,64,85,74,55,32,345,57.5
367,Huntail,Water,,55,104,105,94,75,52,485,80.83
368,Gorebyss,Water,,55,84,105,114,75,52,485,80.83
369,Relicanth,Water,Rock,100,90,130,45,65,55,485,80.83
370,Luvdisc,Water,,43,30,55,40,65,97,330,55
371,Bagon,Dragon,,45,75,60,40,30,50,300,50
372,Shelgon,Dragon,,65,95,100,60,50,50,420,70
373,Salamence,Dragon,Flying,95,135,80,110,80,100,600,100
373M,Salamence(MegaSalamence),Dragon,Flying,95,145,130,120,90,120,700,116.67
374,Beldum,Steel,Psychic,40,55,80,35,60,30,300,50
375,Metang,Steel,Psychic,60,75,100,55,80,50,420,70
376,Metagross,Steel,Psychic,80,135,130,95,90,70,600,100
376M,Metagross(MegaMetagross),Steel,Psychic,80,145,150,105,110,110,700,116.67
377,Regirock,Rock,,80,100,200,50,100,50,580,96.67
378,Regice,Ice,,80,50,100,100,200,50,580,96.67
379,Registeel,Steel,,80,75,150,75,150,50,580,96.67
380,Latias,Dragon,Psychic,80,80,90,110,130,110,600,100
380M,Latias(MegaLatias),Dragon,Psychic,80,100,120,140,150,110,700,116.67
381,Latios,Dragon,Psychic,80,90,80,130,110,110,600,100
381M,Latios(MegaLatios),Dragon,Psychic,80,130,100,160,120,110,700,116.67
382,Kyogre,Water,,100,100,90,150,140,90,670,111.67
382P,Kyogre(PrimalKyogre),Water,,100,150,90,180,160,90,770,128.33
383,Groudon,Ground,,100,150,140,100,90,90,670,111.67
383P,Groudon(PrimalGroudon),Ground,Fire,100,180,160,150,90,90,770,128.33
384,Rayquaza,Dragon,Flying,105,150,90,150,90,95,680,113.33
384M,Rayquaza(MegaRayquaza),Dragon,Flying,105,180,100,180,100,115,780,130
385,Jirachi,Steel,Psychic,100,100,100,100,100,100,600,100
386,Deoxys(NormalForme),Psychic,,50,150,50,150,50,150,600,100
386A,Deoxys(AttackForme),Psychic,,50,180,20,180,20,150,600,100
386D,Deoxys(DefenseForme),Psychic,,50,70,160,70,160,90,600,100
386S,Deoxys(SpeedForme),Psychic,,50,95,90,95,90,180,600,100
387,Turtwig,Grass,,55,68,64,45,55,31,318,53
388,Grotle,Grass,,75,89,85,55,65,36,405,67.5
389,Torterra,Grass,Ground,95,109,105,75,85,56,525,87.5
390,Chimchar,Fire,,44,58,44,58,44,61,309,51.5
391,Monferno,Fire,Fighting,64,78,52,78,52,81,405,67.5
392,Infernape,Fire,Fighting,76,104,71,104,71,108,534,89
393,Piplup,Water,,53,51,53,61,56,40,314,52.33
394,Prinplup,Water,,64,66,68,81,76,50,405,67.5
395,Empoleon,Water,Steel,84,86,88,111,101,60,530,88.33
396,Starly,Normal,Flying,40,55,30,30,30,60,245,40.83
397,Staravia,Normal,Flying,55,75,50,40,40,80,340,56.67
398,Staraptor,Normal,Flying,85,120,70,50,60,100,485,80.83
399,Bidoof,Normal,,59,45,40,35,40,31,250,41.67
400,Bibarel,Normal,Water,79,85,60,55,60,71,410,68.33
401,Kricketot,Bug,,37,25,41,25,41,25,194,32.33
402,Kricketune,Bug,,77,85,51,55,51,65,384,64
403,Shinx,Electric,,45,65,34,40,34,45,263,43.83
404,Luxio,Electric,,60,85,49,60,49,60,363,60.5
405,Luxray,Electric,,80,120,79,95,79,70,523,87.17
406,Budew,Grass,Poison,40,30,35,50,70,55,280,46.67
407,Roserade,Grass,Poison,60,70,65,125,105,90,515,85.83
408,Cranidos,Rock,,67,125,40,30,30,58,350,58.33
409,Rampardos,Rock,,97,165,60,65,50,58,495,82.5
410,Shieldon,Rock,Steel,30,42,118,42,88,30,350,58.33
411,Bastiodon,Rock,Steel,60,52,168,47,138,30,495,82.5
412,Burmy,Bug,,40,29,45,29,45,36,224,37.33
413,Wormadam(PlantCloak),Bug,Grass,60,59,85,79,105,36,424,70.67
413G,Wormadam(SandyCloak),Bug,Ground,60,79,105,59,85,36,424,70.67
413S,Wormadam(TrashCloak),Bug,Steel,60,69,95,69,95,36,424,70.67
414,Mothim,Bug,Flying,70,94,50,94,50,66,424,70.67
415,Combee,Bug,Flying,30,30,42,30,42,70,244,40.67
416,Vespiquen,Bug,Flying,70,80,102,80,102,40,474,79
417,Pachirisu,Electric,,60,45,70,45,90,95,405,67.5
418,Buizel,Water,,55,65,35,60,30,85,330,55
419,Floatzel,Water,,85,105,55,85,50,115,495,82.5
420,Cherubi,Grass,,45,35,45,62,53,35,275,45.83
421,Cherrim,Grass,,70,60,70,87,78,85,450,75
422,Shellos,Water,,76,48,48,57,62,34,325,54.17
423,Gastrodon,Water,Ground,111,83,68,92,82,39,475,79.17
424,Ambipom,Normal,,75,100,66,60,66,115,482,80.33
425,Drifloon,Ghost,Flying,90,50,34,60,44,70,348,58
426,Drifblim,Ghost,Flying,150,80,44,90,54,80,498,83
427,Buneary,Normal,,55,66,44,44,56,85,350,58.33
428,Lopunny,Normal,,65,76,84,54,96,105,480,80
428M,Lopunny(MegaLopunny),Normal,Fighting,65,136,94,54,96,135,580,96.67
429,Mismagius,Ghost,,60,60,60,105,105,105,495,82.5
430,Honchkrow,Dark,Flying,100,125,52,105,52,71,505,84.17
431,Glameow,Normal,,49,55,42,42,37,85,310,51.67
432,Purugly,Normal,,71,82,64,64,59,112,452,75.33
433,Chingling,Psychic,,45,30,50,65,50,45,285,47.5
434,Stunky,Poison,Dark,63,63,47,41,41,74,329,54.83
435,Skuntank,Poison,Dark,103,93,67,71,61,84,479,79.83
436,Bronzor,Steel,Psychic,57,24,86,24,86,23,300,50
437,Bronzong,Steel,Psychic,67,89,116,79,116,33,500,83.33
438,Bonsly,Rock,,50,80,95,10,45,10,290,48.33
439,MimeJr.,Psychic,Fairy,20,25,45,70,90,60,310,51.67
440,Happiny,Normal,,100,5,5,15,65,30,220,36.67
441,Chatot,Normal,Flying,76,65,45,92,42,91,411,68.5
442,Spiritomb,Ghost,Dark,50,92,108,92,108,35,485,80.83
443,Gible,Dragon,Ground,58,70,45,40,45,42,300,50
444,Gabite,Dragon,Ground,68,90,65,50,55,82,410,68.33
445,Garchomp,Dragon,Ground,108,130,95,80,85,102,600,100
445M,Garchomp(MegaGarchomp),Dragon,Ground,108,170,115,120,95,92,700,116.67
446,Munchlax,Normal,,135,85,40,40,85,5,390,65
447,Riolu,Fighting,,40,70,40,35,40,60,285,47.5
448,Lucario,Fighting,Steel,70,110,70,115,70,90,525,87.5
448M,Lucario(MegaLucario),Fighting,Steel,70,145,88,140,70,112,625,104.17
449,Hippopotas,Ground,,68,72,78,38,42,32,330,55
450,Hippowdon,Ground,,108,112,118,68,72,47,525,87.5
451,Skorupi,Poison,Bug,40,50,90,30,55,65,330,55
452,Drapion,Poison,Dark,70,90,110,60,75,95,500,83.33
453,Croagunk,Poison,Fighting,48,61,40,61,40,50,300,50
454,Toxicroak,Poison,Fighting,83,106,65,86,65,85,490,81.67
455,Carnivine,Grass,,74,100,72,90,72,46,454,75.67
456,Finneon,Water,,49,49,56,49,61,66,330,55
457,Lumineon,Water,,69,69,76,69,86,91,460,76.67
458,Mantyke,Water,Flying,45,20,50,60,120,50,345,57.5
459,Snover,Grass,Ice,60,62,50,62,60,40,334,55.67
460,Abomasnow,Grass,Ice,90,92,75,92,85,60,494,82.33
460M,Abomasnow(MegaAbomasnow),Grass,Ice,90,132,105,132,105,30,594,99
461,Weavile,Dark,Ice,70,120,65,45,85,125,510,85
462,Magnezone,Electric,Steel,70,70,115,130,90,60,535,89.17
463,Lickilicky,Normal,,110,85,95,80,95,50,515,85.83
464,Rhyperior,Ground,Rock,115,140,130,55,55,40,535,89.17
465,Tangrowth,Grass,,100,100,125,110,50,50,535,89.17
466,Electivire,Electric,,75,123,67,95,85,95,540,90
467,Magmortar,Fire,,75,95,67,125,95,83,540,90
468,Togekiss,Fairy,Flying,85,50,95,120,115,80,545,90.83
469,Yanmega,Bug,Flying,86,76,86,116,56,95,515,85.83
470,Leafeon,Grass,,65,110,130,60,65,95,525,87.5
471,Glaceon,Ice,,65,60,110,130,95,65,525,87.5
472,Gliscor,Ground,Flying,75,95,125,45,75,95,510,85
473,Mamoswine,Ice,Ground,110,130,80,70,60,80,530,88.33
474,Porygon-Z,Normal,,85,80,70,135,75,90,535,89.17
475,Gallade,Psychic,Fighting,68,125,65,65,115,80,518,86.33
475M,Gallade(MegaGallade),Psychic,Fighting,68,165,95,65,115,110,618,103
476,Probopass,Rock,Steel,60,55,145,75,150,40,525,87.5
477,Dusknoir,Ghost,,45,100,135,65,135,45,525,87.5
478,Froslass,Ice,Ghost,70,80,70,80,70,110,480,80
479,Rotom,Electric,Ghost,50,50,77,95,77,91,440,73.33
479O,Rotom(HeatRotom),Electric,Fire,50,65,107,105,107,86,520,86.67
479W,Rotom(WashRotom),Electric,Water,50,65,107,105,107,86,520,86.67
479R,Rotom(FrostRotom),Electric,Ice,50,65,107,105,107,86,520,86.67
479F,Rotom(FanRotom),Electric,Flying,50,65,107,105,107,86,520,86.67
479L,Rotom(MowRotom),Electric,Grass,50,65,107,105,107,86,520,86.67
480,Uxie,Psychic,,75,75,130,75,130,95,580,96.67
481,Mesprit,Psychic,,80,105,105,105,105,80,580,96.67
482,Azelf,Psychic,,75,125,70,125,70,115,580,96.67
483,Dialga,Steel,Dragon,100,120,120,150,100,90,680,113.33
484,Palkia,Water,Dragon,90,120,100,150,120,100,680,113.33
485,Heatran,Fire,Steel,91,90,106,130,106,77,600,100
486,Regigigas,Normal,,110,160,110,80,110,100,670,111.67
487,Giratina(AlteredForme),Ghost,Dragon,150,100,120,100,120,90,680,113.33
487O,Giratina(OriginForme),Ghost,Dragon,150,120,100,120,100,90,680,113.33
488,Cresselia,Psychic,,120,70,120,75,130,85,600,100
489,Phione,Water,,80,80,80,80,80,80,480,80
490,Manaphy,Water,,100,100,100,100,100,100,600,100
491,Darkrai,Dark,,70,90,90,135,90,125,600,100
492,Shaymin(LandForme),Grass,,100,100,100,100,100,100,600,100
492S,Shaymin(SkyForme),Grass,Flying,100,103,75,120,75,127,600,100
493,Arceus,Normal,,120,120,120,120,120,120,720,120
494,Victini,Psychic,Fire,100,100,100,100,100,100,600,100
495,Snivy,Grass,,45,45,55,45,55,63,308,51.33
496,Servine,Grass,,60,60,75,60,75,83,413,68.83
497,Serperior,Grass,,75,75,95,75,95,113,528,88
498,Tepig,Fire,,65,63,45,45,45,45,308,51.33
499,Pignite,Fire,Fighting,90,93,55,70,55,55,418,69.67
500,Emboar,Fire,Fighting,110,123,65,100,65,65,528,88
501,Oshawott,Water,,55,55,45,63,45,45,308,51.33
502,Dewott,Water,,75,75,60,83,60,60,413,68.83
503,Samurott,Water,,95,100,85,108,70,70,528,88
504,Patrat,Normal,,45,55,39,35,39,42,255,42.5
505,Watchog,Normal,,60,85,69,60,69,77,420,70
506,Lillipup,Normal,,45,60,45,25,45,55,275,45.83
507,Herdier,Normal,,65,80,65,35,65,60,370,61.67
508,Stoutland,Normal,,85,110,90,45,90,80,500,83.33
509,Purrloin,Dark,,41,50,37,50,37,66,281,46.83
510,Liepard,Dark,,64,88,50,88,50,106,446,74.33
511,Pansage,Grass,,50,53,48,53,48,64,316,52.67
512,Simisage,Grass,,75,98,63,98,63,101,498,83
513,Pansear,Fire,,50,53,48,53,48,64,316,52.67
514,Simisear,Fire,,75,98,63,98,63,101,498,83
515,Panpour,Water,,50,53,48,53,48,64,316,52.67
516,Simipour,Water,,75,98,63,98,63,101,498,83
517,Munna,Psychic,,76,25,45,67,55,24,292,48.67
518,Musharna,Psychic,,116,55,85,107,95,29,487,81.17
519,Pidove,Normal,Flying,50,55,50,36,30,43,264,44
520,Tranquill,Normal,Flying,62,77,62,50,42,65,358,59.67
521,Unfezant,Normal,Flying,80,115,80,65,55,93,488,81.33
522,Blitzle,Electric,,45,60,32,50,32,76,295,49.17
523,Zebstrika,Electric,,75,100,63,80,63,116,497,82.83
524,Roggenrola,Rock,,55,75,85,25,25,15,280,46.67
525,Boldore,Rock,,70,105,105,50,40,20,390,65
526,Gigalith,Rock,,85,135,130,60,80,25,515,85.83
527,Woobat,Psychic,Flying,65,45,43,55,43,72,323,53.83
528,Swoobat,Psychic,Flying,67,57,55,77,55,114,425,70.83
529,Drilbur,Ground,,60,85,40,30,45,68,328,54.67
530,Excadrill,Ground,Steel,110,135,60,50,65,88,508,84.67
531,Audino,Normal,,103,60,86,60,86,50,445,74.17
531M,Audino(MegaAudino),Normal,Fairy,103,60,126,80,126,50,545,90.83
532,Timburr,Fighting,,75,80,55,25,35,35,305,50.83
533,Gurdurr,Fighting,,85,105,85,40,50,40,405,67.5
534,Conkeldurr,Fighting,,105,140,95,55,65,45,505,84.17
535,Tympole,Water,,50,50,40,50,40,64,294,49
536,Palpitoad,Water,Ground,75,65,55,65,55,69,384,64
537,Seismitoad,Water,Ground,105,95,75,85,75,74,509,84.83
538,Throh,Fighting,,120,100,85,30,85,45,465,77.5
539,Sawk,Fighting,,75,125,75,30,75,85,465,77.5
540,Sewaddle,Bug,Grass,45,53,70,40,60,42,310,51.67
541,Swadloon,Bug,Grass,55,63,90,50,80,42,380,63.33
542,Leavanny,Bug,Grass,75,103,80,70,80,92,500,83.33
543,Venipede,Bug,Poison,30,45,59,30,39,57,260,43.33
544,Whirlipede,Bug,Poison,40,55,99,40,79,47,360,60
545,Scolipede,Bug,Poison,60,100,89,55,69,112,485,80.83
546,Cottonee,Grass,Fairy,40,27,60,37,50,66,280,46.67
547,Whimsicott,Grass,Fairy,60,67,85,77,75,116,480,80
548,Petilil,Grass,,45,35,50,70,50,30,280,46.67
549,Lilligant,Grass,,70,60,75,110,75,90,480,80
550,Basculin,Water,,70,92,65,80,55,98,460,76.67
551,Sandile,Ground,Dark,50,72,35,35,35,65,292,48.67
552,Krokorok,Ground,Dark,60,82,45,45,45,74,351,58.5
553,Krookodile,Ground,Dark,95,117,80,65,70,92,519,86.5
554,Darumaka,Fire,,70,90,45,15,45,50,315,52.5
555,Darmanitan(StandardMode),Fire,,105,140,55,30,55,95,480,80
555Z,Darmanitan(ZenMode),Fire,Psychic,105,30,105,140,105,55,540,90
556,Maractus,Grass,,75,86,67,106,67,60,461,76.83
557,Dwebble,Bug,Rock,50,65,85,35,35,55,325,54.17
558,Crustle,Bug,Rock,70,105,125,65,75,45,485,80.83
559,Scraggy,Dark,Fighting,50,75,70,35,70,48,348,58
560,Scrafty,Dark,Fighting,65,90,115,45,115,58,488,81.33
561,Sigilyph,Psychic,Flying,72,58,80,103,80,97,490,81.67
562,Yamask,Ghost,,38,30,85,55,65,30,303,50.5
563,Cofagrigus,Ghost,,58,50,145,95,105,30,483,80.5
564,Tirtouga,Water,Rock,54,78,103,53,45,22,355,59.17
565,Carracosta,Water,Rock,74,108,133,83,65,32,495,82.5
566,Archen,Rock,Flying,55,112,45,74,45,70,401,66.83
567,Archeops,Rock,Flying,75,140,65,112,65,110,567,94.5
568,Trubbish,Poison,,50,50,62,40,62,65,329,54.83
569,Garbodor,Poison,,80,95,82,60,82,75,474,79
570,Zorua,Dark,,40,65,40,80,40,65,330,55
571,Zoroark,Dark,,60,105,60,120,60,105,510,85
572,Minccino,Normal,,55,50,40,40,40,75,300,50
573,Cinccino,Normal,,75,95,60,65,60,115,470,78.33
574,Gothita,Psychic,,45,30,50,55,65,45,290,48.33
575,Gothorita,Psychic,,60,45,70,75,85,55,390,65
576,Gothitelle,Psychic,,70,55,95,95,110,65,490,81.67
577,Solosis,Psychic,,45,30,40,105,50,20,290,48.33
578,Duosion,Psychic,,65,40,50,125,60,30,370,61.67
579,Reuniclus,Psychic,,110,65,75,125,85,30,490,81.67
580,Ducklett,Water,Flying,62,44,50,44,50,55,305,50.83
581,Swanna,Water,Flying,75,87,63,87,63,98,473,78.83
582,Vanillite,Ice,,36,50,50,65,60,44,305,50.83
583,Vanillish,Ice,,51,65,65,80,75,59,395,65.83
584,Vanilluxe,Ice,,71,95,85,110,95,79,535,89.17
585,Deerling,Normal,Grass,60,60,50,40,50,75,335,55.83
586,Sawsbuck,Normal,Grass,80,100,70,60,70,95,475,79.17
587,Emolga,Electric,Flying,55,75,60,75,60,103,428,71.33
588,Karrablast,Bug,,50,75,45,40,45,60,315,52.5
589,Escavalier,Bug,Steel,70,135,105,60,105,20,495,82.5
590,Foongus,Grass,Poison,69,55,45,55,55,15,294,49
591,Amoonguss,Grass,Poison,114,85,70,85,80,30,464,77.33
592,Frillish,Water,Ghost,55,40,50,65,85,40,335,55.83
593,Jellicent,Water,Ghost,100,60,70,85,105,60,480,80
594,Alomomola,Water,,165,75,80,40,45,65,470,78.33
595,Joltik,Bug,Electric,50,47,50,57,50,65,319,53.17
596,Galvantula,Bug,Electric,70,77,60,97,60,108,472,78.67
597,Ferroseed,Grass,Steel,44,50,91,24,86,10,305,50.83
598,Ferrothorn,Grass,Steel,74,94,131,54,116,20,489,81.5
599,Klink,Steel,,40,55,70,45,60,30,300,50
600,Klang,Steel,,60,80,95,70,85,50,440,73.33
601,Klinklang,Steel,,60,100,115,70,85,90,520,86.67
602,Tynamo,Electric,,35,55,40,45,40,60,275,45.83
603,Eelektrik,Electric,,65,85,70,75,70,40,405,67.5
604,Eelektross,Electric,,85,115,80,105,80,50,515,85.83
605,Elgyem,Psychic,,55,55,55,85,55,30,335,55.83
606,Beheeyem,Psychic,,75,75,75,125,95,40,485,80.83
607,Litwick,Ghost,Fire,50,30,55,65,55,20,275,45.83
608,Lampent,Ghost,Fire,60,40,60,95,60,55,370,61.67
609,Chandelure,Ghost,Fire,60,55,90,145,90,80,520,86.67
610,Axew,Dragon,,46,87,60,30,40,57,320,53.33
611,Fraxure,Dragon,,66,117,70,40,50,67,410,68.33
612,Haxorus,Dragon,,76,147,90,60,70,97,540,90
613,Cubchoo,Ice,,55,70,40,60,40,40,305,50.83
614,Beartic,Ice,,95,130,80,70,80,50,505,84.17
615,Cryogonal,Ice,,80,50,50,95,135,105,515,85.83
616,Shelmet,Bug,,50,40,85,40,65,25,305,50.83
617,Accelgor,Bug,,80,70,40,100,60,145,495,82.5
618,Stunfisk,Ground,Electric,109,66,84,81,99,32,471,78.5
619,Mienfoo,Fighting,,45,85,50,55,50,65,350,58.33
620,Mienshao,Fighting,,65,125,60,95,60,105,510,85
621,Druddigon,Dragon,,77,120,90,60,90,48,485,80.83
622,Golett,Ground,Ghost,59,74,50,35,50,35,303,50.5
623,Golurk,Ground,Ghost,89,124,80,55,80,55,483,80.5
624,Pawniard,Dark,Steel,45,85,70,40,40,60,340,56.67
625,Bisharp,Dark,Steel,65,125,100,60,70,70,490,81.67
626,Bouffalant,Normal,,95,110,95,40,95,55,490,81.67
627,Rufflet,Normal,Flying,70,83,50,37,50,60,350,58.33
628,Braviary,Normal,Flying,100,123,75,57,75,80,510,85
629,Vullaby,Dark,Flying,70,55,75,45,65,60,370,61.67
630,Mandibuzz,Dark,Flying,110,65,105,55,95,80,510,85
631,Heatmor,Fire,,85,97,66,105,66,65,484,80.67
632,Durant,Bug,Steel,58,109,112,48,48,109,484,80.67
633,Deino,Dark,Dragon,52,65,50,45,50,38,300,50
634,Zweilous,Dark,Dragon,72,85,70,65,70,58,420,70
635,Hydreigon,Dark,Dragon,92,105,90,125,90,98,600,100
636,Larvesta,Bug,Fire,55,85,55,50,55,60,360,60
637,Volcarona,Bug,Fire,85,60,65,135,105,100,550,91.67
638,Cobalion,Steel,Fighting,91,90,129,90,72,108,580,96.67
639,Terrakion,Rock,Fighting,91,129,90,72,90,108,580,96.67
640,Virizion,Grass,Fighting,91,90,72,90,129,108,580,96.67
641,Tornadus(IncarnateForme),Flying,,79,115,70,125,80,111,580,96.67
641T,Tornadus(TherianForme),Flying,,79,100,80,110,90,121,580,96.67
642,Thundurus(IncarnateForme),Electric,Flying,79,115,70,125,80,111,580,96.67
642T,Thundurus(TherianForme),Electric,Flying,79,105,70,145,80,101,580,96.67
643,Reshiram,Dragon,Fire,100,120,100,150,120,90,680,113.33
644,Zekrom,Dragon,Electric,100,150,120,120,100,90,680,113.33
645,Landorus(IncarnateForme),Ground,Flying,89,125,90,115,80,101,600,100
645T,Landorus(TherianForme),Ground,Flying,89,145,90,105,80,91,600,100
646,Kyurem(NormalKyurem),Dragon,Ice,125,130,90,130,90,95,660,110
646B,Kyurem(BlackKyurem),Dragon,Ice,125,170,100,120,90,95,700,116.67
646W,Kyurem(WhiteKyurem),Dragon,Ice,125,120,90,170,100,95,700,116.67
647,Keldeo,Water,Fighting,91,72,90,129,90,108,580,96.67
648,Meloetta(AriaForme),Normal,Psychic,100,77,77,128,128,90,600,100
648P,Meloetta(PirouetteForme),Normal,Fighting,100,128,90,77,77,128,600,100
649,Genesect,Bug,Steel,71,120,95,120,95,99,600,100
650,Chespin,Grass,,56,61,65,48,45,38,313,52.17
651,Quilladin,Grass,,61,78,95,56,58,57,405,67.5
652,Chesnaught,Grass,Fighting,88,107,122,74,75,64,530,88.33
653,Fennekin,Fire,,40,45,40,62,60,60,307,51.17
654,Braixen,Fire,,59,59,58,90,70,73,409,68.17
655,Delphox,Fire,Psychic,75,69,72,114,100,104,534,89
656,Froakie,Water,,41,56,40,62,44,71,314,52.33
657,Frogadier,Water,,54,63,52,83,56,97,405,67.5
658,Greninja,Water,Dark,72,95,67,103,71,122,530,88.33
658A,Greninja(Ash-Greninja),Water,Dark,72,145,67,153,71,132,640,106.67
659,Bunnelby,Normal,,38,36,38,32,36,57,237,39.5
660,Diggersby,Normal,Ground,85,56,77,50,77,78,423,70.5
661,Fletchling,Normal,Flying,45,50,43,40,38,62,278,46.33
662,Fletchinder,Fire,Flying,62,73,55,56,52,84,382,63.67
663,Talonflame,Fire,Flying,78,81,71,74,69,126,499,83.17
664,Scatterbug,Bug,,38,35,40,27,25,35,200,33.33
665,Spewpa,Bug,,45,22,60,27,30,29,213,35.5
666,Vivillon,Bug,Flying,80,52,50,90,50,89,411,68.5
667,Litleo,Fire,Normal,62,50,58,73,54,72,369,61.5
668,Pyroar,Fire,Normal,86,68,72,109,66,106,507,84.5
669,Flabébé,Fairy,,44,38,39,61,79,42,303,50.5
670,Floette,Fairy,,54,45,47,75,98,52,371,61.83
671,Florges,Fairy,,78,65,68,112,154,75,552,92
672,Skiddo,Grass,,66,65,48,62,57,52,350,58.33
673,Gogoat,Grass,,123,100,62,97,81,68,531,88.5
674,Pancham,Fighting,,67,82,62,46,48,43,348,58
675,Pangoro,Fighting,Dark,95,124,78,69,71,58,495,82.5
676,Furfrou,Normal,,75,80,60,65,90,102,472,78.67
677,Espurr,Psychic,,62,48,54,63,60,68,355,59.17
678,Meowstic,Psychic,,74,48,76,83,81,104,466,77.67
679,Honedge,Steel,Ghost,45,80,100,35,37,28,325,54.17
680,Doublade,Steel,Ghost,59,110,150,45,49,35,448,74.67
681,Aegislash(ShieldForme),Steel,Ghost,60,50,150,50,150,60,520,86.67
681B,Aegislash(BladeForme),Steel,Ghost,60,150,50,150,50,60,520,86.67
682,Spritzee,Fairy,,78,52,60,63,65,23,341,56.83
683,Aromatisse,Fairy,,101,72,72,99,89,29,462,77
684,Swirlix,Fairy,,62,48,66,59,57,49,341,56.83
685,Slurpuff,Fairy,,82,80,86,85,75,72,480,80
686,Inkay,Dark,Psychic,53,54,53,37,46,45,288,48
687,Malamar,Dark,Psychic,86,92,88,68,75,73,482,80.33
688,Binacle,Rock,Water,42,52,67,39,56,50,306,51
689,Barbaracle,Rock,Water,72,105,115,54,86,68,500,83.33
690,Skrelp,Poison,Water,50,60,60,60,60,30,320,53.33
691,Dragalge,Poison,Dragon,65,75,90,97,123,44,494,82.33
692,Clauncher,Water,,50,53,62,58,63,44,330,55
693,Clawitzer,Water,,71,73,88,120,89,59,500,83.33
694,Helioptile,Electric,Normal,44,38,33,61,43,70,289,48.17
695,Heliolisk,Electric,Normal,62,55,52,109,94,109,481,80.17
696,Tyrunt,Rock,Dragon,58,89,77,45,45,48,362,60.33
697,Tyrantrum,Rock,Dragon,82,121,119,69,59,71,521,86.83
698,Amaura,Rock,Ice,77,59,50,67,63,46,362,60.33
699,Aurorus,Rock,Ice,123,77,72,99,92,58,521,86.83
700,Sylveon,Fairy,,95,65,65,110,130,60,525,87.5
701,Hawlucha,Fighting,Flying,78,92,75,74,63,118,500,83.33
702,Dedenne,Electric,Fairy,67,58,57,81,67,101,431,71.83
703,Carbink,Rock,Fairy,50,50,150,50,150,50,500,83.33
704,Goomy,Dragon,,45,50,35,55,75,40,300,50
705,Sliggoo,Dragon,,68,75,53,83,113,60,452,75.33
706,Goodra,Dragon,,90,100,70,110,150,80,600,100
707,Klefki,Steel,Fairy,57,80,91,80,87,75,470,78.33
708,Phantump,Ghost,Grass,43,70,48,50,60,38,309,51.5
709,Trevenant,Ghost,Grass,85,110,76,65,82,56,474,79
710,Pumpkaboo(SmallSize),Ghost,Grass,44,66,70,44,55,56,335,55.83
710,Pumpkaboo(AverageSize),Ghost,Grass,49,66,70,44,55,51,335,55.83
710,Pumpkaboo(LargeSize),Ghost,Grass,54,66,70,44,55,46,335,55.83
710,Pumpkaboo(SuperSize),Ghost,Grass,59,66,70,44,55,41,335,55.83
711,Gourgeist(SmallSize),Ghost,Grass,55,85,122,58,75,99,494,82.33
711,Gourgeist(AverageSize),Ghost,Grass,65,90,122,58,75,84,494,82.33
711,Gourgeist(LargeSize),Ghost,Grass,75,95,122,58,75,69,494,82.33
711,Gourgeist(SuperSize),Ghost,Grass,85,100,122,58,75,54,494,82.33
712,Bergmite,Ice,,55,69,85,32,35,28,304,50.67
713,Avalugg,Ice,,95,117,184,44,46,28,514,85.67
714,Noibat,Flying,Dragon,40,30,35,45,40,55,245,40.83
715,Noivern,Flying,Dragon,85,70,80,97,80,123,535,89.17
716,Xerneas,Fairy,,126,131,95,131,98,99,680,113.33
717,Yveltal,Dark,Flying,126,131,95,131,98,99,680,113.33
718,Zygarde(50%Forme),Dragon,Ground,108,100,121,81,95,95,600,100
718T,Zygarde(10%Forme),Dragon,Ground,54,100,71,61,85,115,486,81
718C,Zygarde(CompleteForme),Dragon,Ground,216,100,121,91,95,85,708,118
719,Diancie,Rock,Fairy,50,100,150,100,150,50,600,100
719M,Diancie(MegaDiancie),Rock,Fairy,50,160,110,160,110,110,700,116.67
720,Hoopa(HoopaConfined),Psychic,Ghost,80,110,60,150,130,70,600,100
720U,Hoopa(HoopaUnbound),Psychic,Dark,80,160,60,170,130,80,680,113.33
721,Volcanion,Fire,Water,80,110,120,130,90,70,600,100
722,Rowlet,Grass,Flying,68,55,55,50,50,42,320,53.33
723,Dartrix,Grass,Flying,78,75,75,70,70,52,420,70
724,Decidueye,Grass,Ghost,78,107,75,100,100,70,530,88.33
725,Litten,Fire,,45,65,40,60,40,70,320,53.33
726,Torracat,Fire,,65,85,50,80,50,90,420,70
727,Incineroar,Fire,Dark,95,115,90,80,90,60,530,88.33
728,Popplio,Water,,50,54,54,66,56,40,320,53.33
729,Brionne,Water,,60,69,69,91,81,50,420,70
730,Primarina,Water,Fairy,80,74,74,126,116,60,530,88.33
731,Pikipek,Normal,Flying,35,75,30,30,30,65,265,44.17
732,Trumbeak,Normal,Flying,55,85,50,40,50,75,355,59.17
733,Toucannon,Normal,Flying,80,120,75,75,75,60,485,80.83
734,Yungoos,Normal,,48,70,30,30,30,45,253,42.17
735,Gumshoos,Normal,,88,110,60,55,60,45,418,69.67
736,Grubbin,Bug,,47,62,45,55,45,46,300,50
737,Charjabug,Bug,Electric,57,82,95,55,75,36,400,66.67
738,Vikavolt,Bug,Electric,77,70,90,145,75,43,500,83.33
739,Crabrawler,Fighting,,47,82,57,42,47,63,338,56.33
740,Crabominable,Fighting,Ice,97,132,77,62,67,43,478,79.67
741,Oricorio,Fire,Flying,75,70,70,98,70,93,476,79.33
742,Cutiefly,Bug,Fairy,40,45,40,55,40,84,304,50.67
743,Ribombee,Bug,Fairy,60,55,60,95,70,124,464,77.33
744,Rockruff,Rock,,45,65,40,30,40,60,280,46.67
745,Lycanroc(MiddayForm),Rock,,75,115,65,55,65,112,487,81.17
745Mn,Lycanroc(MidnightForm),Rock,,85,115,75,55,75,82,487,81.17
746,Wishiwashi(SoloForm),Water,,45,20,20,25,25,40,175,29.17
746Sc,Wishiwashi(SchoolForm),Water,,45,140,130,140,135,30,620,103.33
747,Mareanie,Poison,Water,50,53,62,43,52,45,305,50.83
748,Toxapex,Poison,Water,50,63,152,53,142,35,495,82.5
749,Mudbray,Ground,,70,100,70,45,55,45,385,64.17
750,Mudsdale,Ground,,100,125,100,55,85,35,500,83.33
751,Dewpider,Water,Bug,38,40,52,40,72,27,269,44.83
752,Araquanid,Water,Bug,68,70,92,50,132,42,454,75.67
753,Fomantis,Grass,,40,55,35,50,35,35,250,41.67
754,Lurantis,Grass,,70,105,90,80,90,45,480,80
755,Morelull,Grass,Fairy,40,35,55,65,75,15,285,47.5
756,Shiinotic,Grass,Fairy,60,45,80,90,100,30,405,67.5
757,Salandit,Poison,Fire,48,44,40,71,40,77,320,53.33
758,Salazzle,Poison,Fire,68,64,60,111,60,117,480,80
759,Stufful,Normal,Fighting,70,75,50,45,50,50,340,56.67
760,Bewear,Normal,Fighting,120,125,80,55,60,60,500,83.33
761,Bounsweet,Grass,,42,30,38,30,38,32,210,35
762,Steenee,Grass,,52,40,48,40,48,62,290,48.33
763,Tsareena,Grass,,72,120,98,50,98,72,510,85
764,Comfey,Fairy,,51,52,90,82,110,100,485,80.83
765,Oranguru,Normal,Psychic,90,60,80,90,110,60,490,81.67
766,Passimian,Fighting,,100,120,90,40,60,80,490,81.67
767,Wimpod,Bug,Water,25,35,40,20,30,80,230,38.33
768,Golisopod,Bug,Water,75,125,140,60,90,40,530,88.33
769,Sandygast,Ghost,Ground,55,55,80,70,45,15,320,53.33
770,Palossand,Ghost,Ground,85,75,110,100,75,35,480,80
771,Pyukumuku,Water,,55,60,130,30,130,5,410,68.33
772,Type:Null,Normal,,95,95,95,95,95,59,534,89
773,Silvally,Normal,,95,95,95,95,95,95,570,95
774,Minior(MeteorForm),Rock,Flying,60,60,100,60,100,60,440,73.33
774R,Minior(CoreForm),Rock,Flying,60,100,60,100,60,120,500,83.33
775,Komala,Normal,,65,115,65,75,95,65,480,80
776,Turtonator,Fire,Dragon,60,78,135,91,85,36,485,80.83
777,Togedemaru,Electric,Steel,65,98,63,40,73,96,435,72.5
778,Mimikyu,Ghost,Fairy,55,90,80,50,105,96,476,79.33
779,Bruxish,Water,Psychic,68,105,70,70,70,92,475,79.17
780,Drampa,Normal,Dragon,78,60,85,135,91,36,485,80.83
781,Dhelmise,Ghost,Grass,70,131,100,86,90,40,517,86.17
782,Jangmo-o,Dragon,,45,55,65,45,45,45,300,50
783,Hakamo-o,Dragon,Fighting,55,75,90,65,70,65,420,70
784,Kommo-o,Dragon,Fighting,75,110,125,100,105,85,600,100
785,TapuKoko,Electric,Fairy,70,115,85,95,75,130,570,95
786,TapuLele,Psychic,Fairy,70,85,75,130,115,95,570,95
787,TapuBulu,Grass,Fairy,70,130,115,85,95,75,570,95
788,TapuFini,Water,Fairy,70,75,115,95,130,85,570,95
789,Cosmog,Psychic,,43,29,31,29,31,37,200,33.33
790,Cosmoem,Psychic,,43,29,131,29,131,37,400,66.67
791,Solgaleo,Psychic,Steel,137,137,107,113,89,97,680,113.33
792,Lunala,Psychic,Ghost,137,113,89,137,107,97,680,113.33
793,Nihilego,Rock,Poison,109,53,47,127,131,103,570,95
794,Buzzwole,Bug,Fighting,107,139,139,53,53,79,570,95
795,Pheromosa,Bug,Fighting,71,137,37,137,37,151,570,95
796,Xurkitree,Electric,,83,89,71,173,71,83,570,95
797,Celesteela,Steel,Flying,97,101,103,107,101,61,570,95
798,Kartana,Grass,Steel,59,181,131,59,31,109,570,95
799,Guzzlord,Dark,Dragon,223,101,53,97,53,43,570,95
800,Necrozma,Psychic,,97,107,101,127,89,79,600,100
801,Magearna,Steel,Fairy,80,95,115,130,115,65,600,100
802,Marshadow,Fighting,Ghost,90,125,80,90,90,125,600,100
